feature,importance
soil_moisture,0.23035128258977583
water_level_m,0.2041424529928197
water_level_lag1h,0.15649828514825723
water_level_lag3h,0.13915537289314836
water_level_lag6h,0.08768186294315286
recent_event_count,0.0495632279240315
moisture_change_3h,0.027152660417013242
rainfall_24h,0.02019120893566244
rainfall_12h,0.012460721487655774
elevation_m,0.01164210310673275
latitude,0.010433209726203976
slope_deg,0.00978988735894544
station_id,0.007498053928641657
longitude,0.006613784980486305
event_proximity_km,0.006258781953527796
rainfall_6h,0.005960780466252201
water_level_change_3h,0.0052808881818107705
rise_rate_m_per_hour,0.0031400317886015943
rainfall_3h,0.0028538678847875713
water_level_change_1h,0.0028116222070663235
rainfall_1h,0.0005199130854266484
